usuario01;usuario01@gmail.com;123456
usuario02;usuario02@gmail.com;123456
usuario03;usuario03@gmail.com;123456
usuario04;usuario04@gmail.com;123456
usuario05;usuario05@gmail.com;123456
usuario06;usuario06@gmail.com;123456
usuario07;usuario07@gmail.com;123456
usuario08;usuario08@gmail.com;123456
usuario09;usuario09@gmail.com;123456
usuario10;usuario10@gmail.com;123456
usuario11;usuario11@gmail.com;123456
usuario12;usuario12@gmail.com;123456
usuario13;usuario13@gmail.com;456789
usuario14;usuario14@gmail.com;123456
usuario15;usuario15@gmail.com;123456
usuario16;usuario16@gmail.com;123456
usuario17;usuario17@gmail.com;123456
usuario18;usuario18@gmail.com;123456
usuario19;usuario20@gmail.com;777777
usuario20;usuario21@gmail.com;333333
